{"cameraMode":{"drawMode":0,"name":"Shaded","section":"Shading Mode"},"sceneLighting":false,"audioPlay":false,"sceneViewState":{"showFog":false,"showMaterialUpdate":false,"showSkybox":false,"showFlares":false,"showImageEffects":false,"showParticleSystems":false},"in2DMode":false,"pivot":{"x":-1.8138117790222169,"y":2.9282071590423586,"z":2.474583864212036},"rotation":{"x":-0.20722834765911103,"y":-0.31591498851776125,"z":0.07091635465621948,"w":-0.9231603741645813},"size":6.866856098175049,"orthographic":false}