{"cameraMode":{"drawMode":0,"name":"Shaded","section":"Shading Mode"},"sceneLighting":true,"audioPlay":false,"sceneViewState":{"showFog":true,"showMaterialUpdate":false,"showSkybox":false,"showFlares":true,"showImageEffects":true,"showParticleSystems":true},"in2DMode":false,"pivot":{"x":-7.190000534057617,"y":7.229999542236328,"z":0.0},"rotation":{"x":-0.3799629807472229,"y":-0.04797809571027756,"z":0.019738811999559404,"w":-0.9235472083091736},"size":40.010372161865237,"orthographic":false}