{"cameraMode":{"drawMode":0,"name":"Shaded","section":"Shading Mode"},"sceneLighting":true,"audioPlay":false,"sceneViewState":{"showFog":true,"showMaterialUpdate":false,"showSkybox":false,"showFlares":true,"showImageEffects":true,"showParticleSystems":true},"in2DMode":false,"pivot":{"x":-148.32276916503907,"y":-159.4580078125,"z":-45.79697036743164},"rotation":{"x":-0.23282068967819215,"y":0.7407577037811279,"z":-0.3165191113948822,"w":-0.5448756217956543},"size":237.46983337402345,"orthographic":false}