{"cameraMode":{"drawMode":0,"name":"Shaded","section":"Shading Mode"},"sceneLighting":true,"audioPlay":false,"sceneViewState":{"showFog":true,"showMaterialUpdate":false,"showSkybox":false,"showFlares":true,"showImageEffects":true,"showParticleSystems":true},"in2DMode":false,"pivot":{"x":-5.907497406005859,"y":5.022566318511963,"z":-2.331904888153076},"rotation":{"x":-0.3799629807472229,"y":-0.04797809571027756,"z":0.019738811999559404,"w":-0.9235472083091736},"size":11.022165298461914,"orthographic":false}